Short Link,Video Title
https://www.youtube.com/shorts/vQKxAWJp0vQ,Le monde des tr√®s riches #yomidenzel #mindset #argent
https://www.youtube.com/shorts/QagOcWOV68c,¬´¬†Il faut faire avant tout ce qu‚Äôon aime.¬†¬ª #yomidenzel #√©cole #entrepreneur
https://www.youtube.com/shorts/y3cVcOGMBPw,Les profs ont un √©norme impact sur notre vie #yomidenzel #√©cole #etatdesprit
https://www.youtube.com/shorts/ogp46EyX2oE,Les diff√©rents types de personnalit√©s et l‚Äôargent #yomidenzel #argent #monde
https://www.youtube.com/shorts/al15Q-gNR1I,Cette incroyable technique pour r√©soudre les embrouilles #yomidenzel #devperso #mentalit√©
https://www.youtube.com/shorts/9QWS78XTjPg,¬´¬†Juger quelqu‚Äôun √† l‚Äôaune de ta r√©ussite¬†¬ª #yomidenzel #entrepreneur #business
https://www.youtube.com/shorts/bfpTiWUisBc,Ma technique pour avoir des bonnes notes √† Harvard #yomidenzel #harvard #√©cole
https://www.youtube.com/shorts/kIjfxMviLVM,Un de mes objectifs #yomidenzel #objectif #business
https://www.youtube.com/shorts/JQhsV8x6YpQ,Mon meilleur investissement #yomidenzel #argent #cryptomonnaies
https://www.youtube.com/shorts/Wa0NvVJKCdU,L‚Äôimportant est le chemin pour y parvenir #yomidenzel #entrepreneur #mentalit√©
https://www.youtube.com/shorts/Xzddp6IIYoA,Les femmes subissent le patriarcat ? #yomidenzel #soci√©t√© #relationshommesfemmes
https://www.youtube.com/shorts/wN--28JNcKY,Ma routine #yomidenzel #habitudes #mentalit√© Ôøº
https://www.youtube.com/shorts/ykiXnnpugbI,L‚Äô√©ducation des enfants #yomidenzel #enfants #education #soci√©t√©
https://www.youtube.com/shorts/iZY-PexRquk,Le soutien est essentiel √† la r√©ussite Ôøº#yomidenzel #entrepreneur #famille
https://www.youtube.com/shorts/JVE1CChquVs,Il est important d‚Äôapprendre #yomidenzel #apprentissage #podcast
https://www.youtube.com/shorts/7QEz7Ds6FCo,Lorsque j‚Äôai rejoint les forces sp√©ciales #yomidenzel #arm√©e #mental
https://www.youtube.com/shorts/fJUyPMZJFxo,Tu as une id√©e ? Lance-toi #yomidenzel #business #entrepreneur
https://www.youtube.com/shorts/FGfYdhTDPs0,La Sprezzatura #yomidenzel #sprezzatura #italie
https://www.youtube.com/shorts/lc1LEaN2L8A,Les KPIs dans la vie personnelle #yomidenzel #kpi #entrepreneur
https://www.youtube.com/shorts/Bdt43tle-0s,Le deliberate practice #yomidenzel #mindset #football all
https://www.youtube.com/shorts/In0wPlT-FJk,Le probl√®me des business de services #yomidenzel #business #scaling
https://www.youtube.com/shorts/MfY5TCInyDc,Faire face aux doutes quand on se lance #yomidenzel #r√©ussite #business
https://www.youtube.com/shorts/O4obBfzPU4A,¬´¬†Les probl√®mes on les r√©sout¬†¬ª #yomidenzel #podcast #mindset
https://www.youtube.com/shorts/oyMDzrvPm4Y,Le sommeil est le meilleur m√©dicament #yomidenzel #sommeil #devperso
https://www.youtube.com/shorts/taTYWaPFsf8,Ma nouvelle montre incroyable #yomidenzel #montre #investissement
https://www.youtube.com/shorts/6cMDDbf1_m8,Je suis √† 105% #yomidenzel #entrepreneur #mentalit√©
https://www.youtube.com/shorts/9Y_xcuBBgRQ,Le genre de personne qui m‚Äô√©nerve #yomidenzel #podcast #mentalit√©
https://www.youtube.com/shorts/f6vmV2sE228,C'est toi qui √©cris ton futur #yomidenzel #entrepreneur #√©cole
https://www.youtube.com/shorts/KyWnmYK5FBI,Avoir une copine qui ne te soutient pas #yomidenzel #relations #soutien
https://www.youtube.com/shorts/iSc26mQUqQc,"L‚Äôoptimisation, l‚Äôennemi du scaling #yomidenzel #scaling #entrepreneur"
https://www.youtube.com/shorts/mSvv3pxQzeY,Les actions qui d√©finissent un grand homme #yomidenzel #podcast #sacrifices
https://www.youtube.com/shorts/5nTwbCZa4GU,Toutes mes habitudes #yomidenzel #habitudes #entrepreneur
https://www.youtube.com/shorts/m1VhBYVEFw4,Je travaille par automatisme #yomidenzel #travail #business
https://www.youtube.com/shorts/9719ZOgoSkA,L‚Äôampleur qu‚Äôa pris IAD #yomidenzel #IAD #business
https://www.youtube.com/shorts/Gf0l-xxWdU4,Tu veux devenir riche ? Alors travaille #yomidenzel #argent # r√©ussite
https://www.youtube.com/shorts/AxTUSQCVmt8,Combien j‚Äôai sur mon compte en banque #yomidenzel #argent #banque
https://www.youtube.com/shorts/zcGvZiQUrSo,Est-ce que cr√©er un business veut dire voler l‚Äôargent des autres ? #yomidenzel #business #argent
https://www.youtube.com/shorts/DE5A22X5PiE,L‚Äôattention des gens sur leur t√©l√©phone #yomidenzel #business #entrepreneur
https://www.youtube.com/shorts/W93VsnkTH_U,4000‚Ç¨/mois √† 22 ans avec l‚Äôimmobilier #yomidenzel #jonathananguelov #immobilier #business
https://www.youtube.com/shorts/xyCuBuNLD7g,Les plus grosses offres que j‚Äôai refus√©es #yomidenzel #argent #business
https://www.youtube.com/shorts/AhZaq2vZoiw,Ce que je pense des imp√¥ts en France #yomidenzel #imp√¥ts #mentalit√© #entrepreneur
https://www.youtube.com/shorts/_FU94WwnsSU,Mon plus grand regret #yomidenzel #mentalit√© #regret
https://www.youtube.com/shorts/tGEVWftQuUI,Nous sommes soit manuel soit intellectuel #yomidenzel #thibaultgarcia #podcast
https://www.youtube.com/shorts/FLaHyq3mUdM,Ce que je dirais aux gens qui n‚Äôont pas cru en moi #yomidenzel #r√©ussite #millionaire
https://www.youtube.com/shorts/oi1KINFR2XI,Si on me proposait 100 Millions d‚Äô‚Ç¨ #yomidenzel #argent #entrepreneur
https://www.youtube.com/shorts/6ojo7VEThFg,Travailler en Suisse #yomidenzel #travail #argent
https://www.youtube.com/shorts/6QSEZnPpsHM,Si je pouvais rencontrer Elon Musk #yomidenzel #elonmusk #podcast
https://www.youtube.com/shorts/umEX85y2-iI,J‚Äôai d√©j√† eu le c≈ìur bris√© #yomidenzel #amour #sentiment #podcast
https://www.youtube.com/shorts/4Q--4Aq6OwA,J‚Äôadore surprendre les gens #yomidenzel #surprise #motivation
https://www.youtube.com/shorts/K7WYSyYYjik,Ces paroles de chanson qui me font sens #yomidenzel #musique #r√©ussite
https://www.youtube.com/shorts/-vMjz1hhwrA,J‚Äôai une tr√®s grande famille #yomidenzel #famille #podcast
https://www.youtube.com/shorts/riwlN51Ae0E,Avoir une morning routine est essentiel #yomidenzel #entrepreneur #mentalit√©
https://www.youtube.com/shorts/it1YcUbVOhc,Quand j‚Äôessayais d‚Äôavoir des pouvoirs #yomidenzel #pouvoirs #podcast
https://www.youtube.com/shorts/nttnhN5UxiI,Argent et s√©paration #yomidenzel #argent #relations
https://www.youtube.com/shorts/W3ImkSmItxQ,Ma plus grosse d√©pense #yomidenzel #argent #business
https://www.youtube.com/shorts/XLoisAILXWc,Le clich√© de la Suisse #yomidenzel #suisse #clich√©
https://www.youtube.com/shorts/5CsAfeZOox0,Mes plus grosses d√©penses en 2023 #yomidenzel #argent #investissement
https://www.youtube.com/shorts/AFMTbCAG1Xw,Mon audience a explos√© #yomidenzel #r√©ussite #reseauxsociaux
https://www.youtube.com/shorts/6-yJERx3kuQ,Reprendre le contr√¥le sur sa vie #yomidenzel #mindset #conseil
https://www.youtube.com/shorts/iqla0vkbaD4,Ma citation pr√©f√©r√©e #yomidenzel #citation #podcast
https://www.youtube.com/shorts/g_GIO7J5s4U,Mes √©motions au repas de No√´l #yomidenzel #mindset #podcast
https://www.youtube.com/shorts/nwCYaY4eV-4,Anecdote quand j'√©tais petit #yomidenzel #anecdote #podcast
https://www.youtube.com/shorts/jSsGYGDSPf4,Se relever d'un coup dur #yomidenzel #mindset #podcast
https://www.youtube.com/shorts/cUv06ev2P8M,Quand j'offre des cadeaux #yomidenzel #cadeaux #argent
https://www.youtube.com/shorts/tsUUOn7oc14,Combien j'ai d√©pens√© ? #yomidenzel #argent #business
https://www.youtube.com/shorts/Opq3I4n-PnQ,Oussama pr√©sident ? #yomidenzel #mentalit√© #oussamaammar
https://www.youtube.com/shorts/KE7C0EuYiX4,Yacht ou Jet priv√©? #yomidenzel #business #argent
https://www.youtube.com/shorts/1HoaEgQQaLg,Ressentir de la gratitude #yomidenzel #mentalit√© #podcast
https://www.youtube.com/shorts/o44nP5hMQIs,La relation √† l'argent dans un couple #yomidenzel #argent #relations
https://www.youtube.com/shorts/3qsS9efRFRY,Le probl√®me des start-up #yomidenzel #startup #business
https://www.youtube.com/shorts/rv6W7EBiSxU,√ätre pr√©sident au Nigeria #yomidenzel #nigeria #podcast
https://www.youtube.com/shorts/ob3HFHC6OQQ,Investment Banking vs Entrepreneuriat #yomidenzel #business #entrepreneur
https://www.youtube.com/shorts/14YxUqbzPjM,Comment faire exploser son business #yomidenzel #business #conseil
https://www.youtube.com/shorts/GTE-Xdj7B94,La difficult√© n¬∞1 dans le business #yomidenzel #entrepreneur #business
https://www.youtube.com/shorts/ceqfH5q2dDQ,Tiktok est une drogue #yomidenzel #podcast #reseauxsociaux
https://www.youtube.com/shorts/B0Jz19ME_Sc,Comment tester l'attention au d√©tail #yomidenzel #anecdote #recrutement
https://www.youtube.com/shorts/5C06m5AJzo8,Le talent n'a aucun m√©rite #yomidenzel #podcast #mentalit√©
https://www.youtube.com/shorts/aCBuqDwepP0,Les barri√®res √† l'entr√©e dans le business #yomidenzel #entrepreneur #business
https://www.youtube.com/shorts/9yfVxcN-CYE,Investir dans la publicit√© #yomidenzel #mentalit√© #business
https://www.youtube.com/shorts/MBbWJbAybRM,J'ai gagn√© 10 Millions au Poker #yomidenzel #anecdote #podcast
https://www.youtube.com/shorts/ZQw9_dp-s54,Technique pour trouver des id√©es #yomidenzel #entrepreneur #business
https://www.youtube.com/shorts/4BEgoA8RR_o,Conseil pour s'am√©liorer #yomidenzel #devperso #succ√®s
https://www.youtube.com/shorts/--H0ckpYtQk,Les personnalit√©s de Tai lopez #yomidenzel #oussamaammar  #entrepreneur
https://www.youtube.com/shorts/IOJ6L8Ev1bw,L'importance des notes #yomidenzel #oussamaammar #podcast
https://www.youtube.com/shorts/ar5dhI5ecSw,Le√ßon de discipline √† l'arm√©e #yomidenzel #discipline #arm√©e
https://www.youtube.com/shorts/n8LpgMzZHxg,TikTok lobotomise #yomidenzel #reseauxsociaux #cerveau
https://www.youtube.com/shorts/hBj05_9GAFg,Business qui exploitent les consommateurs #yomidenzel #business #podcast
https://www.youtube.com/shorts/6EEgEX573r0,L'importance de la r√©gularit√© #yomidenzel #mindset #r√©ussite
https://www.youtube.com/shorts/c2dM8e9SPxg,Conseil pour trouver une copine #yomidenzel #relations #conseil
https://www.youtube.com/shorts/krNVkMX5rrs,L'histoire du fondateur de minecraft #yomidenzel #entrepreneur
https://www.youtube.com/shorts/EqA3bDTCINc,S'informer vs Apprendre #yomidenzel #entrepreneur #mindset
https://www.youtube.com/shorts/fdBhr5Hmhk0,Les crapauds gays #yomidenzel #podcast #sanspermission
https://www.youtube.com/shorts/jKMwq1_BHx8,Une comp√©tence essentielle au succ√®s #yomidenzel #succ√®s #podcast
https://www.youtube.com/shorts/GIShE1Fxn-0,L'algorithme Spotify #yomidenzel #ia #podcast
https://www.youtube.com/shorts/dTz9rmpXsg8,La transformation de Dana White #yomidenzel #sant√© #podcast
https://www.youtube.com/shorts/zqkFYYLrONg,Obs√©d√©s par la concurrence #yomidenzel #mindset #business
https://www.youtube.com/shorts/nCnc2hS6OCo,L'orientation professionnelle #yomidenzel #education #mentalit√©
https://www.youtube.com/shorts/XApLx5TWiKs,La discipline #yomidenzel #mentalit√© #r√©ussite
https://www.youtube.com/shorts/ITYqk8gnbx0,"La th√©orie ""stoned ape"" #yomidenzel #oussamaammar #podcast"
https://www.youtube.com/shorts/DVm-3Jvh7pA,Les cours en Allemagne #yomidenzel #oussamaammar #podcast
https://www.youtube.com/shorts/dqJ2WxY8MYI,Les gens qui veulent abandonner #yomidenzel #motivation #r√©ussite
https://www.youtube.com/shorts/a5RaSycSUxA,Argent vs C√©l√©brit√© #yomidenzel #mentalit√© #argent
https://www.youtube.com/shorts/63I57uB_GrY,Kendrick Lamar #yomidenzel #podcast #sanspermission
https://www.youtube.com/shorts/pFRnglgtcUc,Hypocrisie chez beaucoup de femmes #yomidenzel #mentalit√© #relations
https://www.youtube.com/shorts/mg448YWKUfA,Je ne suis pas un bon manager #yomidenzel #entrepreneur #business
https://www.youtube.com/shorts/ag_7fbnIGOw,La formation de Voldemort #yomidenzel #podcast #sanspermission
https://www.youtube.com/shorts/p6TRGdw1Yzk,Diff√©rence Femme vs Fille #yomidenzel #relations #mentalit√©
https://www.youtube.com/shorts/WwHsZMISr0k,L'IA renforce ma flemme #yomidenzel #ia #podcast
https://www.youtube.com/shorts/LDSW8-EE0qs,Taxer les personnes plus riche que soi #yomidenzel #argent #mentalit√©
https://www.youtube.com/shorts/CfUpDOsrlVA,Start-up vs Business en ligne #yomidenzel #startup #business
https://www.youtube.com/shorts/oVEO9lcCqpg,Ce que je ferais si je perds tout #yomidenzel #entrepreneur #millionnaire
https://www.youtube.com/shorts/21Jxk88nDtM,D√©connect√© de la r√©alit√© #yomidenzel #mentalit√© #millionnaire Extrait tir√© de la vid√©o de @ta_ta_ki
https://www.youtube.com/shorts/EaNbB0EEFQo,Pourquoi je vends des formations #yomidenzel #entrepreneur #formation Extrait de la vid√©o de @ta_ta_
https://www.youtube.com/shorts/2pNtdGFwKZ8,Comment gagner 100K en un mois #yomidenzel #entrepreneur #argent
https://www.youtube.com/shorts/k_dK6qWS9Co,Les meilleurs employ√©s #yomidenzel #business #entrepreneur
https://www.youtube.com/shorts/HVtqXJcglF0,Les matelas PEMF #yomidenzel #sant√© #podcast
https://www.youtube.com/shorts/JQhetU7afro,Les bienfaits du capitalisme #yomidenzel #mentalit√© #capitalisme
https://www.youtube.com/shorts/FMgokGdOfzc,Arr√™ter de travailler #yomidenzel #business #entrepreneur Extrait de la vid√©o de @ta_ta_ki
https://www.youtube.com/shorts/fhGSeZy55JM,Convaincre une femme #yomidenzel #relations #mentalit√©
https://www.youtube.com/shorts/R_4xq-k4qfQ,Elon Musk vs ChatGPT #yomidenzel #elonmusk #chatgpt
https://www.youtube.com/shorts/dmLXXnMY5Gs,Arnaquer ses clients #yomidenzel #entrepreneur #business Extrait de la vid√©o de @ta_ta_ki
https://www.youtube.com/shorts/fqv5WYBvGGk,Les biais affectent nos d√©cisions #yomidenzel #mentalit√© #podcast
https://www.youtube.com/shorts/3n8lvdqkCPQ,Hack pour devenir pote avec Oussama #yomidenzel #oussamaammar #anecdote
https://www.youtube.com/shorts/VfIv9caZkxk,Le probl√®me de l'Investment Banking #yomidenzel #business #entrepreneur
https://www.youtube.com/shorts/sWsDMLVLwK4,La comp√©tence #yomidenzel #devperso #r√©ussite
https://www.youtube.com/shorts/EGS3dQOor_I,Messi vs Ronaldo #yomidenzel #podcast #sanspermission
https://www.youtube.com/shorts/ty53cLtsoN0,La p√©riode la plus importante #yomidenzel #mindset #r√©ussite
https://www.youtube.com/shorts/wtQxcBxZgwg,Les gens qui trouvaient mes sites #yomidenzel #anecdote #podcast
https://www.youtube.com/shorts/oxuT5sqn-DI,La prise de d√©cision #yomidenzel #mentalit√© #podcast
https://www.youtube.com/shorts/wZU7I5a28TQ,Les prix aux Maldives #yomidenzel #argent #anecdote
https://www.youtube.com/shorts/oqLYfEyGQ0M,Mourir dans un sauna #yomidenzel #challenge #podcast
https://www.youtube.com/shorts/6jGcStr9RNs,√ätre jeune aujourd'hui #yomidenzel #mentalit√© #dopamine
https://www.youtube.com/shorts/q0ddoAoEhL0,Le level apr√®s Ronaldo & Messi #yomidenzel #sanspermission #podcast
https://www.youtube.com/shorts/JTmNaUWHjdE,Impact du couple sur les revenus #yomidenzel #argent #relations
https://www.youtube.com/shorts/bHgrvQE8kn4,Theorie de la d*ck pic üçÜ #yomidenzel #podcast #sanspermission
https://www.youtube.com/shorts/L7BSB41rbgg,Elon Musk le troll #yomidenzel #elonmusk #entrepreneur
https://www.youtube.com/shorts/krs5P96fDqc,Les complements alimentaires #yomidenzel #sant√© #mentalit√©
https://www.youtube.com/shorts/nlyeYYcdHXI,Recruter un COO #yomidenzel #business #entrepreneur
https://www.youtube.com/shorts/PVF0nAr2Op0,Si WhatsApp se faisait hacker #yomidenzel #podcast #sanspermission
https://www.youtube.com/shorts/K2-TZr3WhI0,Quiz sur les Maldives #yomidenzel #podcast #argent
https://www.youtube.com/shorts/8neimSX5Ywg,Recruter pour le remote #yomidenzel #entrepreneur #business
https://www.youtube.com/shorts/KsJ6cZdjWlA,Le pr√©sident Argentin #yomidenzel #podcast #sanspermission
https://www.youtube.com/shorts/h7-68A-qAyc,Les vues sur les r√©seaux #yomidenzel #reseauxsociaux #podcast
https://www.youtube.com/shorts/6xcoBEfCYeM,Mon esprit entrepreneurial #yomidenzel #anecdote #entrepreneur
https://www.youtube.com/shorts/3LMK_I6hL9M,Comment prendre des d√©cisions #yomidenzel #mindset #entrepreneur
https://www.youtube.com/shorts/NZhffLGgGfU,Le r√¥le de la chance #yomidenzel #reussite #entrepreneur
https://www.youtube.com/shorts/6CPfMhQDYsM,Traiter les gens de charg√© #yomidenzel #podcast #sanspermission
https://www.youtube.com/shorts/1roitNG_3t0,L'importance du soleil #yomidenzel #sant√© #sant√©mentale
https://www.youtube.com/shorts/ctFf2NuhDpM,J'ai de l'argent donc √©coute moi #yomidenzel #argent #mentalit√©
https://www.youtube.com/shorts/z5Jsou01s8o,Comment am√©liorer son bien-√™tre #yomidenzel #sant√© #sant√©mentale
https://www.youtube.com/shorts/mrt6SKPSbuo,Incapacit√© de r√©soudre des probl√®mes #yomidenzel #mentalit√© #anecdote
https://www.youtube.com/shorts/Q8Bb4kPuzoE,Maldives trip
https://www.youtube.com/shorts/xDm1cSK1GgU,Les compl√©ments alimentaires #yomidenzel #sant√© #podcast
https://www.youtube.com/shorts/s_4RFMFztYI,Les premi√®res impressions #yomidenzel #mindset #relations
https://www.youtube.com/shorts/je4HVtD7n2w,G√©rer une √©quipe √† distance #yomidenzel #business #entrepreneur
https://www.youtube.com/shorts/DX67ofLKhzc,Comment acc√©der √† ta vie de r√™ve #yomidenzel #r√©ussite #mindset
https://www.youtube.com/shorts/rKALd0rAR_Q,Body count - Homme Femme #yomidenzel #relations #podcast
https://www.youtube.com/shorts/4Tpj_S30y10,Aller √† la salle #yomidenzel #sport #sant√©
https://www.youtube.com/shorts/DM6e9VMqv3A,Maltraiter les femmes #yomidenzel #relations #reseauxsociaux
https://www.youtube.com/shorts/20-IaPhdawc,Je ne joue jamais au UNO #yomidenzel #mentalit√© #podcast
https://www.youtube.com/shorts/k9SFmMF88vo,Je ne me souviens pas de certaines d√©pense #yomidenzel #podcast #argent
https://www.youtube.com/shorts/kDDcj3uxyCg,Ce que j'ai appris avec l'√¢ge #yomidenzel #mentalit√© #entrepreneur
https://www.youtube.com/shorts/EL5j5E27zQY,Le grounding #yomidenzel #sant√©mentale #sant√©
https://www.youtube.com/shorts/9ecXzK3haTE,Jake Paul & Logan Paul #yomidenzel #podcast #entrepreneur
https://www.youtube.com/shorts/6lT1gwiOCpI,Les Thiel Fellowships #yomidenzel #business #entrepreneur
https://www.youtube.com/shorts/LecKx9Ex-1Y,Comment ChatGPT cr√©e mon contenu √©crit #yomidenzel #ia #chatgpt
https://www.youtube.com/shorts/mzsphxac7Fw,Une question mindf*ck #yomidenzel #mentalit√© #podcast
https://www.youtube.com/shorts/N65yP9FygFE,L'importance de certaines d√©cisions #yomidenzel #mentalit√© #podcast
https://www.youtube.com/shorts/kyUlaFKhYqI,Les shakers de prot√©ine #yomidenzel #sport #podcast
https://www.youtube.com/shorts/rOEU3mV5klM,J'ai eu une r√©alisation #yomidenzel #motivation #succ√®s
https://www.youtube.com/shorts/xAp2ggRuUhk,R√©action aux opinions d'Oussama #yomidenzel #oussamaammar #reseauxsociaux
https://www.youtube.com/shorts/YNBMT0xzSv0,R√¥les homme-femme #yomidenzel #relations #podcast
https://www.youtube.com/shorts/iYuGytnVk-M,Fonctionnement de l'algorithme #yomidenzel #reseauxsociaux #podcast
https://www.youtube.com/shorts/QycVmSMmqRI,Comment cr√©er du contenu √©crit #yomidenzel #reseauxsociaux #astuce
https://www.youtube.com/shorts/kXaGWdnfqUE,Comment g√©rer son temps #yomidenzel #r√©ussite #productivit√©
https://www.youtube.com/shorts/ud7RFgKNFDo,Le TDAH #yomidenzel #podcast #tdah
https://www.youtube.com/shorts/tEh16ECz5CE,Bryan Johnson #yomidenzel #podcast #sant√©
https://www.youtube.com/shorts/iICNx-aZpHs,Une habitude pour r√©ussir #yomidenzel #habitude #r√©ussite
https://www.youtube.com/shorts/E8ZgMc4GOU4,La m√©taphore de l'√©l√©phant #yomidenzel #mentalit√© #devperso
https://www.youtube.com/shorts/V915yUVdqL8,La course Hercules #yomidenzel #arm√©e #anecdote
https://www.youtube.com/shorts/N82v_rhz_Ao,"Traiter les gens de ""charg√©"" #yomidenzel #bazinga #sant√©"
https://www.youtube.com/shorts/0cv7D2Soe4Y,Donnez-nous vos id√©es #yomidenzel #sanspermission #podcast
https://www.youtube.com/shorts/q0nH14ErARY,Les riches sont tous m√©chants #yomidenzel #richesse #argent
https://www.youtube.com/shorts/Lb3A-Fr4VIM,Premi√®re fois que j'ai gagn√© de l'argent #yomidenzel #argent #anecdote
https://www.youtube.com/shorts/92wOszT22mQ,Remplacement de la testost√©rone #yomidenzel #sant√© #usa
https://www.youtube.com/shorts/Qin7wD24ikg,Le f√©minisme #yomidenzel #f√©minisme #podcast
https://www.youtube.com/shorts/m6u8-H-VtHE,Aversion au haut bodycount #yomidenzel #relations #mentalit√©
https://www.youtube.com/shorts/eqj2e2Jzlw8,Sam Sulek #yomidenzel #samsulek #podcast
https://www.youtube.com/shorts/G4ti4mnpLQY,Prix du coaching d'Hormozi #yomidenzel #hormozi #coaching
https://www.youtube.com/shorts/jzbThBzNh7Q,Les gens qui jugent #yomidenzel #relations #mentalit√©
https://www.youtube.com/shorts/13DXQHwqxH4,Ma phrase pr√©f√©r√©e de Steve Jobs #yomidenzel #podcast #mindset
https://www.youtube.com/shorts/gc152p1cLaE,Probl√®mes de sant√© mentale #yomidenzel #sant√© #sant√©mentale
https://www.youtube.com/shorts/vQKxAWJp0vQ,Le monde des tr√®s riches #yomidenzel #mindset #argent
https://www.youtube.com/shorts/QagOcWOV68c,¬´¬†Il faut faire avant tout ce qu‚Äôon aime.¬†¬ª #yomidenzel #√©cole #entrepreneur
https://www.youtube.com/shorts/y3cVcOGMBPw,Les profs ont un √©norme impact sur notre vie #yomidenzel #√©cole #etatdesprit
https://www.youtube.com/shorts/ogp46EyX2oE,Les diff√©rents types de personnalit√©s et l‚Äôargent #yomidenzel #argent #monde
https://www.youtube.com/shorts/al15Q-gNR1I,Cette incroyable technique pour r√©soudre les embrouilles #yomidenzel #devperso #mentalit√©
https://www.youtube.com/shorts/9QWS78XTjPg,¬´¬†Juger quelqu‚Äôun √† l‚Äôaune de ta r√©ussite¬†¬ª #yomidenzel #entrepreneur #business
https://www.youtube.com/shorts/bfpTiWUisBc,Ma technique pour avoir des bonnes notes √† Harvard #yomidenzel #harvard #√©cole
https://www.youtube.com/shorts/kIjfxMviLVM,Un de mes objectifs #yomidenzel #objectif #business
https://www.youtube.com/shorts/JQhsV8x6YpQ,Mon meilleur investissement #yomidenzel #argent #cryptomonnaies
https://www.youtube.com/shorts/Wa0NvVJKCdU,L‚Äôimportant est le chemin pour y parvenir #yomidenzel #entrepreneur #mentalit√©
https://www.youtube.com/shorts/Xzddp6IIYoA,Les femmes subissent le patriarcat ? #yomidenzel #soci√©t√© #relationshommesfemmes
https://www.youtube.com/shorts/wN--28JNcKY,Ma routine #yomidenzel #habitudes #mentalit√© Ôøº
https://www.youtube.com/shorts/ykiXnnpugbI,L‚Äô√©ducation des enfants #yomidenzel #enfants #education #soci√©t√©
https://www.youtube.com/shorts/iZY-PexRquk,Le soutien est essentiel √† la r√©ussite Ôøº#yomidenzel #entrepreneur #famille
https://www.youtube.com/shorts/JVE1CChquVs,Il est important d‚Äôapprendre #yomidenzel #apprentissage #podcast
https://www.youtube.com/shorts/7QEz7Ds6FCo,Lorsque j‚Äôai rejoint les forces sp√©ciales #yomidenzel #arm√©e #mental
https://www.youtube.com/shorts/fJUyPMZJFxo,Tu as une id√©e ? Lance-toi #yomidenzel #business #entrepreneur
https://www.youtube.com/shorts/FGfYdhTDPs0,La Sprezzatura #yomidenzel #sprezzatura #italie
https://www.youtube.com/shorts/lc1LEaN2L8A,Les KPIs dans la vie personnelle #yomidenzel #kpi #entrepreneur
https://www.youtube.com/shorts/Bdt43tle-0s,Le deliberate practice #yomidenzel #mindset #football all
https://www.youtube.com/shorts/In0wPlT-FJk,Le probl√®me des business de services #yomidenzel #business #scaling
https://www.youtube.com/shorts/MfY5TCInyDc,Faire face aux doutes quand on se lance #yomidenzel #r√©ussite #business
https://www.youtube.com/shorts/O4obBfzPU4A,¬´¬†Les probl√®mes on les r√©sout¬†¬ª #yomidenzel #podcast #mindset
https://www.youtube.com/shorts/oyMDzrvPm4Y,Le sommeil est le meilleur m√©dicament #yomidenzel #sommeil #devperso
https://www.youtube.com/shorts/taTYWaPFsf8,Ma nouvelle montre incroyable #yomidenzel #montre #investissement
https://www.youtube.com/shorts/6cMDDbf1_m8,Je suis √† 105% #yomidenzel #entrepreneur #mentalit√©
https://www.youtube.com/shorts/9Y_xcuBBgRQ,Le genre de personne qui m‚Äô√©nerve #yomidenzel #podcast #mentalit√©
https://www.youtube.com/shorts/f6vmV2sE228,C'est toi qui √©cris ton futur #yomidenzel #entrepreneur #√©cole
https://www.youtube.com/shorts/KyWnmYK5FBI,Avoir une copine qui ne te soutient pas #yomidenzel #relations #soutien
https://www.youtube.com/shorts/iSc26mQUqQc,"L‚Äôoptimisation, l‚Äôennemi du scaling #yomidenzel #scaling #entrepreneur"
https://www.youtube.com/shorts/mSvv3pxQzeY,Les actions qui d√©finissent un grand homme #yomidenzel #podcast #sacrifices
https://www.youtube.com/shorts/5nTwbCZa4GU,Toutes mes habitudes #yomidenzel #habitudes #entrepreneur
https://www.youtube.com/shorts/m1VhBYVEFw4,Je travaille par automatisme #yomidenzel #travail #business
https://www.youtube.com/shorts/9719ZOgoSkA,L‚Äôampleur qu‚Äôa pris IAD #yomidenzel #IAD #business
https://www.youtube.com/shorts/Gf0l-xxWdU4,Tu veux devenir riche ? Alors travaille #yomidenzel #argent # r√©ussite
https://www.youtube.com/shorts/AxTUSQCVmt8,Combien j‚Äôai sur mon compte en banque #yomidenzel #argent #banque
https://www.youtube.com/shorts/zcGvZiQUrSo,Est-ce que cr√©er un business veut dire voler l‚Äôargent des autres ? #yomidenzel #business #argent
https://www.youtube.com/shorts/DE5A22X5PiE,L‚Äôattention des gens sur leur t√©l√©phone #yomidenzel #business #entrepreneur
https://www.youtube.com/shorts/W93VsnkTH_U,4000‚Ç¨/mois √† 22 ans avec l‚Äôimmobilier #yomidenzel #jonathananguelov #immobilier #business
https://www.youtube.com/shorts/xyCuBuNLD7g,Les plus grosses offres que j‚Äôai refus√©es #yomidenzel #argent #business
https://www.youtube.com/shorts/AhZaq2vZoiw,Ce que je pense des imp√¥ts en France #yomidenzel #imp√¥ts #mentalit√© #entrepreneur
https://www.youtube.com/shorts/_FU94WwnsSU,Mon plus grand regret #yomidenzel #mentalit√© #regret
https://www.youtube.com/shorts/tGEVWftQuUI,Nous sommes soit manuel soit intellectuel #yomidenzel #thibaultgarcia #podcast
https://www.youtube.com/shorts/FLaHyq3mUdM,Ce que je dirais aux gens qui n‚Äôont pas cru en moi #yomidenzel #r√©ussite #millionaire
https://www.youtube.com/shorts/oi1KINFR2XI,Si on me proposait 100 Millions d‚Äô‚Ç¨ #yomidenzel #argent #entrepreneur
https://www.youtube.com/shorts/6ojo7VEThFg,Travailler en Suisse #yomidenzel #travail #argent
https://www.youtube.com/shorts/6QSEZnPpsHM,Si je pouvais rencontrer Elon Musk #yomidenzel #elonmusk #podcast
https://www.youtube.com/shorts/umEX85y2-iI,J‚Äôai d√©j√† eu le c≈ìur bris√© #yomidenzel #amour #sentiment #podcast
https://www.youtube.com/shorts/eHZPyw_mW7I,Ce projet 100% secret #oussamaammar #projet #IA
https://www.youtube.com/shorts/3mzpPCVCczc,Le monde de la cr√©ation  #oussamaammar #netflix #podcast
https://www.youtube.com/shorts/D881Jq1cKFA,La singularit√© #oussamaammar #mentalit√© #podcast
https://www.youtube.com/shorts/7JITzY0Tgeo,L'IA dans le cin√©ma #oussamaammar #cin√©ma #podcast
https://www.youtube.com/shorts/D8_yYhRN5z8,Ce m√©tier que j'aimerais cr√©er  #oussamaammar #m√©tier #business
https://www.youtube.com/shorts/WNwAkShucUo,Mes rendez-vous tous les lundis #oussamaammar #call #entrepreneur
https://www.youtube.com/shorts/vQPBx3OvnxM,Le test MBTI #oussamaammar #test #mbti
https://www.youtube.com/shorts/K7LsgRGP4zM,J'ai cr√©e une √©cole pour les salari√©s de startup #oussamaammar #√©cole #entrepreneur
https://www.youtube.com/shorts/baEvEQ2fXJA,Le m√©rite met des ann√©es √† venir #oussamaammar #m√©rite #podcast
https://www.youtube.com/shorts/Fb1GNfu1TT8,Cette forme d'int√©grit√© #oussamaammar #france #podcast
https://www.youtube.com/shorts/Mj3uugPjWOc,Voyager seul au Japon #oussamaammar #japon #voyage #soci√©t√©
https://www.youtube.com/shorts/xgO8dCb6aI4,J'ai fait un programme d√©tox de 21 jours #oussamaammar #d√©tox #sant√©
https://www.youtube.com/shorts/5qF0jYR34-M,Je ne respirais plus #oussamaammar #sant√© #clinique
https://www.youtube.com/shorts/6_euffjFVYg,Les normes agriculteurs #oussamaammar #normes #agriculteurs
https://www.youtube.com/shorts/YGrZumgnNVQ,Cette nouvelle loi #oussamaammar #r√®gles #soci√©t√©
https://www.youtube.com/shorts/weffJt_t7G8,La logique des d√©mocrates #oussamaammar #pays #fronti√®res
https://www.youtube.com/shorts/Wk3uqu6oL84,Un truc qui m'√©nerve #yomidenzel #mentalit√© #podcast
https://www.youtube.com/shorts/ogEjfO6_TRc,Anecdote incroyable #oussamaammar #anecdote #podcast
https://www.youtube.com/shorts/OB_uCdBRQ1Q,La boite la plus dingue que j'a pu voir #oussamaammar #entreprise #startup
https://www.youtube.com/shorts/U92tk-ifXiI,Cette histoire folle #oussamaammar #drogue #story
https://www.youtube.com/shorts/jhnQXKZXcGE,Mon pouvoir magique #oussamaammar #apprentissage #podcast
https://www.youtube.com/shorts/-OUXbgus1Jk,Mon ex m'a offert une rolex #oussamaammar #rolex #podcast
https://www.youtube.com/shorts/U8i_FxuTM9E,Une de mes th√©ories #oussamaammar #th√©orie #podcast
https://www.youtube.com/shorts/4dryLRPF1oI,"La technologie, bonne ou mauvaise pour le monde ? #oussamaammar #technologie #podcast #univers"
https://www.youtube.com/shorts/9qk02YrryZQ,La banque la plus ancienne encore en activit√© #oussamaammar #banque #podcast
https://www.youtube.com/shorts/GqSexN2fcLM,La devise de l'union europ√©enne #oussamaammar #UE #podcast
https://www.youtube.com/shorts/mKTPrjaaHnM,Le hack #oussamaammar #hack #podcast
https://www.youtube.com/shorts/Z0VOlOVywCI,Ma nouvelle r√©solution #oussamaammar #r√©solution #podcast
https://www.youtube.com/shorts/cF0pVy1nDy8,Le livre le plus vendu #oussamaammar #podcast #livre
https://www.youtube.com/shorts/d9I-BjbTb0I,Je suis double ADN ? #oussamaammar #g√©n√©tique #sigma
https://www.youtube.com/shorts/7Sf7WtQnOOE,Amour ou argent ? #oussamaammar #amour #argent #podcast
https://www.youtube.com/shorts/mdm7NvAOcSo,Cette sc√®ne dans qui veut gagner des millions #oussamaammar #millionaire #jeux
https://www.youtube.com/shorts/W26VNd78Kv8,La langue la plus parl√©e #oussamaammar #podcast
https://www.youtube.com/shorts/7lX-E3ybY1I,"""Alunissage rat√© pour Oussama"" #oussamaammar #m√©dia #podcast"
https://www.youtube.com/shorts/-oGUAfaNZao,On parle religion #oussamaammar #religion #podcast
https://www.youtube.com/shorts/ufEPCbwwU04,On parle enfants #oussamaammar #enfants #famille
https://www.youtube.com/shorts/cjnqVutxFww,Argent et religion #oussamaammar #argent #religion
https://www.youtube.com/shorts/2D4rS4uq5nQ,J'ai √©lev√© un de mes neveux #oussamaammar #storytelling #famille
https://www.youtube.com/shorts/MmaKTCbVAkY,Enfants et responsabilit√©s #oussamaammar #enfant #argent
https://www.youtube.com/shorts/cGFD-FpYvFc,La strat√©gie des magasins physiques √† Dubai #oussamaammar #montres #dubai
https://www.youtube.com/shorts/3xLD-53cHuI,"La robotique, surcot√© ou sous-cot√©? #oussamaammar #ia #podcast"
https://www.youtube.com/shorts/j_x3a_UTDO4,Moralit√© : ne jamais tromper sa femme #oussamaammar #amour #tromperie #podcast
https://www.youtube.com/shorts/Y50fY_WZbtM,Les avantages et les inconv√©nients de la notori√©t√© #oussamaammar #notori√©t√© #podcast
https://www.youtube.com/shorts/4D84gv7qfYw,Dire non √† ses enfants #oussamaammar #podcast #famille
https://www.youtube.com/shorts/9gGu1U5ueXQ,Ce que je pr√©dis pour le Bitcoin #oussamaammar #cryptomonnaie #argent
https://www.youtube.com/shorts/5awBbdepIMY,Le jugement sur les autres #oussamaammar #jugement #critique
https://www.youtube.com/shorts/m2F-_XD-HyQ,Combien de fois je suis devenu millionaire #oussamammar #millionaire #investissement
https://www.youtube.com/shorts/kTgwgmpoE2s,Nous n'avons pas qu'une √¢me soeur #oussamaammar #amour #mentalit√©
https://www.youtube.com/shorts/LHDWFFAemKA,Ma peur de l'addiction #oussamaammar #addiction #podcast
https://www.youtube.com/shorts/GxT7l77QS_4,Anecdote avec des amis #oussamaammar #anecdote #podcast
https://www.youtube.com/shorts/E7wxveBC8ps,Les caract√©ristiques qui d√©finissent un homme #oussamaammar #homme #podcast
https://www.youtube.com/shorts/9g5LhCHVIO4,Comment faire plus travailler les fran√ßais ? #oussamaammar #travail #france
https://www.youtube.com/shorts/Rx2Dc99OqDI,Si je pouvais collaborer avec une personnalit√© #oussamaammar #collaboration #entrepreneur
https://www.youtube.com/shorts/PGH7xwKbn5U,Le montant le plus incroyable que j'ai re√ßu #oussamaammar #argent #business
https://www.youtube.com/shorts/NcKRch85nms,Il est important de prot√©ger les enfants #oussamaammar #enfants #podcast
https://www.youtube.com/shorts/TdrqbdCi8TM,Mon plus gros cachet #oussamaammar #argent #business
https://www.youtube.com/shorts/dtc_g8g4kV8,Un mot pour d√©crire ma m√®re #oussamaammar #√©ducation #podcast
https://www.youtube.com/shorts/QazQhVDWj1o,L'incroyable explication de Peter Thiel #oussamaammar #explication #podcast
https://www.youtube.com/shorts/uIdobYs5-Bo,L'entreprise qui m'aura marqu√© √† vie #oussamammar #business #ia
https://www.youtube.com/shorts/FF3AxGAQSZw,La comp√©tence que j'aimerais acqu√©rir #oussamammar #comp√©tence #podcast
https://www.youtube.com/shorts/_BQy-XL8ryo,Anecdote avec Airbus #oussamammar #anecdote #podcast
https://www.youtube.com/shorts/3GXKs-6_Pug,Je suis riche #oussamaammar #richesse #argent
https://www.youtube.com/shorts/t38daDyYxNI,Personnalit√© num√©ro 1 selon la French Tech #oussamammar #podcast #entrepreneur
https://www.youtube.com/shorts/8zbe0P_CGV4,Si je pouvais ressusciter Steve Jobs #oussamaammar #mindset #podcast
https://www.youtube.com/shorts/ZIWYIK3BxSg,Je suis un bon perdant #oussamaammar #mindset #podcast
https://www.youtube.com/shorts/9P18u48pqsk,Mon plus grand regret #oussamaammar #regret #business
https://www.youtube.com/shorts/P5_ZTQ_Jk8k,Les uniformes obligatoires #oussammaammar #√©cole # argent
https://www.youtube.com/shorts/4rsugLbFhtY,"Argent, c√©l√©brit√© ou gloire ? #oussammaammar #argent #gloire"
https://www.youtube.com/shorts/xX6mJyVKJfo,Si j'√©tais pr√©sident #oussammaammar #politique #podcast
https://www.youtube.com/shorts/3eL79fnlQw4,100M‚Ç¨ et ne plus travailler? #oussamaammar #argent #travail
https://www.youtube.com/shorts/Dy1zWliDJIE,Tokenisation de l'or #oussamaammar #crypto #podcast
https://www.youtube.com/shorts/KjiFUJlkoMU,Un r√™ve fou que j'ai eu #oussamaammar #anecdote #podcast
https://www.youtube.com/shorts/XuoLk2PlYXs,La bo√Æte la plus dingue en testing #oussamaammar #business #entrepreneur
https://www.youtube.com/shorts/Y9GHhMUmxao,Ma plus grosse d√©pense #oussamaammar #argent #podcast
https://www.youtube.com/shorts/E0--G-Lil2Q,Si j'√©tais pr√©sident #oussamaammar #podcast #sanspermission
https://www.youtube.com/shorts/N865a7QULBI,Les gens qui n'ont pas cru en moi #yomidenzel #podcast #sanspermission
https://www.youtube.com/shorts/K089Y3jt3iM,Mes jeux vid√©os pr√©f√©r√©s #oussamaammar #podcast #sanspermission
https://www.youtube.com/shorts/wm1hds_GR5g,Se relever d'un coup dur #oussamaammar #mentalit√© #podcast
https://www.youtube.com/shorts/wRpCWeObnC8,Mes paroles de chanson pr√©f√©r√©es #oussamaammar #yomidenzel #podcast
https://www.youtube.com/shorts/2tz544Q0dhQ,La Sprezzatura #oussamaammar #yomidenzel #podcast
https://www.youtube.com/shorts/DljyqgdBCtI,Ma citation pr√©fer√©e #oussamaammar #yomidenzel #mentalit√©
https://www.youtube.com/shorts/_DjDSYQ2b-Y,Donner des cours sur TikTok #oussamaammar #d√©bat #√©ducation
https://www.youtube.com/shorts/2U-4FLXpiwc,Comment je d√©pense mon argent #oussamaammar #argent #investissement
https://www.youtube.com/shorts/mRoUCcZTi3g,S'enfermer dans une prison de besoin #oussamaammar #mentalit√© #argent
https://www.youtube.com/shorts/cFgeXGhOpIA,Combien j'ai sur mon compte en banque #oussamaammar #argent #mentalit√©
https://www.youtube.com/shorts/3UQdm1Ty6kc,Le pouvoir de la comparaison #oussamaammar #mentalit√© #business
https://www.youtube.com/shorts/6RNEsr9uGAI,Le futur de Dubai #oussamaammar #dubai #podcast
https://www.youtube.com/shorts/EGoqfUKWQYg,Anecdote avec Trevor Noah #oussamaammar #anecdote #podcast
https://www.youtube.com/shorts/Hh9Ed37DJbQ,L'IA a atteint un plateau #oussamaammar #ia #podcast
https://www.youtube.com/shorts/7lxy2_ukgjU,Loi contre les influvoleurs #oussamaammar #france #podcast
https://www.youtube.com/shorts/8t3PQrRSAoY,Ce dont l'humanit√© a besoin #oussamaammar #philosophie #podcast
https://www.youtube.com/shorts/HXqhbZglEbU,Innovation du Quest Pro #oussamaammar #business #entrepreneur
https://www.youtube.com/shorts/r3rbLmO9Y_Y,Mon celebrity crush #oussamaammar #podcast #sanspermission
https://www.youtube.com/shorts/3DZjOZqsqwM,Vivek Ramaswamy #oussamaammar #usa #politique
https://www.youtube.com/shorts/vleay-4CNA0,La r√©gulation #oussamaammar #podcast #crypto
https://www.youtube.com/shorts/XciXx5bNAj0,Le Liban üá±üáß #oussamaammar #podcast #liban
https://www.youtube.com/shorts/9uAQ6LwL3G8,Si les aliens venaient sur Terre #oussamaammar #aliens #podcast
https://www.youtube.com/shorts/voja1qMiwUc,Donner trop de pouvoir √† l'√âtat #oussamaammar #podcast #mentalit√©
https://www.youtube.com/shorts/tUV60xFUy84,Better Call Saul #oussamaammar #podcast #mentalit√©
https://www.youtube.com/shorts/vkKV1dC5lhQ,L'homme qui vendait la Lune #oussamaammar #entrepreneur #elonmusk
https://www.youtube.com/shorts/-IGdN5KEIy0,Motivation et argent #oussamaammar #podcast #argent
https://www.youtube.com/shorts/1UnTbOwcQiI,La communaut√© crypto #oussamaammar #crypto #podcast
https://www.youtube.com/shorts/hJf6CNeFeHw,Mon √©ducation √† l'investissement #oussamaammar #education #podcast
https://www.youtube.com/shorts/tWXIcqT72Yk,Je suis le petit de mon fr√®re a√Æn√© #oussamaammar #podcast #famille
https://www.youtube.com/shorts/nY9sOGZiTYE,Grosse annonce d'un de mes amis #oussamaammar #entrepreneur #business
https://www.youtube.com/shorts/PwC3Xtalu0o,Blackrock et la crypto #oussamaammar #argent #podcast
https://www.youtube.com/shorts/nWq4cxu8ZIM,Le√ßon de Coca-Cola sur la concurrence #oussamaammar #business #entrepreneur
https://www.youtube.com/shorts/Kr7mfY7N1GE,Le probl√®me de l'auto-√©valuation #oussamaammar #podcast #mentalit√©
https://www.youtube.com/shorts/PaLOzVcRNak,Mentalit√© US vs France #oussamaammar #entrepreneur #france
https://www.youtube.com/shorts/zAMXCF5Pnbo,L'importance du premier recrutement #oussamaammar #entrepreneur #business
https://www.youtube.com/shorts/bwDeBr1b8us,Histoire avec ma m√®re #oussamaammar #mentalit√© #anecdote
https://www.youtube.com/shorts/2hDn2AMR8pI,La technique des 3 couleurs #oussamaammar #productivit√©
https://www.youtube.com/shorts/wHk6NuW13Gk,Mes fr√®res et soeurs #oussamaammar #famille #podcast
https://www.youtube.com/shorts/vh6GaMyue-w,Les interm√©diaires en France #oussamaammar #france #podcast
https://www.youtube.com/shorts/HDhSGwha05w,Dollariser le Liban #oussamaammar #√©conomie #podcast
https://www.youtube.com/shorts/nF18j5UEC7w,Les nudes #oussamaammar #sanspermission #podcast
https://www.youtube.com/shorts/-tI_izIeQPs,Le laboratoire attaqu√© par des hackers #oussamaammar #anecdote #podcast
https://www.youtube.com/shorts/wzrmhP9TIfw,Business au Japon #oussamaammar #japon #business
https://www.youtube.com/shorts/S37_sOfK1Ak,Le scam OmegaPro #oussamaammar #podcast #sanspermission
https://www.youtube.com/shorts/2vr0uEfD5b4,Surmonter les √©checs #oussamaammar business #entrepreneur
https://www.youtube.com/shorts/a_xq_iVooVY,Une erreur monumentale #oussamaammar #entrepreneur #mentalit√©
https://www.youtube.com/shorts/ITlaTHgHOfU,Ma zone de g√©nie #oussamaammar #entrepreneur #business
https://www.youtube.com/shorts/6kk1WiOQsvw,Je respecte ces gens #oussamaammar #podcast #mentalit√©
https://www.youtube.com/shorts/BKi78hMeo2I,Une histoire incroyable #oussamaammar #entrepreneur #podcast
https://www.youtube.com/shorts/cJrcx3GG7lY,Les pages blanches dans la vie #oussamammar #podcast #anecdote
https://www.youtube.com/shorts/zkFApGUoePQ,La vraie r√©bellion #oussamaammar #mentalit√© #podcast
https://www.youtube.com/shorts/pH3FS_CB4dY,Recommencer √† 0 #oussamaammar #sanspermission #entrepreneur
https://www.youtube.com/shorts/BqBIWU-YISw,Anecdote de soir√©e #oussamaammar #podcast #anecdote
https://www.youtube.com/shorts/PAoHxYH5WsE,Surmonter les obstacles #oussamaammar #entrepreneur #mindset
https://www.youtube.com/shorts/DeNSW434B3s,Ma vie de couple #oussamaammar #relations #entrepreneur
https://www.youtube.com/shorts/7vtgzfYF10Q,Croire que c'est possible #oussamaammar #mentalit√© #succ√®s
https://www.youtube.com/shorts/HSWnH6yDoM0,Les obstacles dans la vie #oussamaammar #anecdote #podcast
https://www.youtube.com/shorts/TRJxns0YPIo,Anecdote Y-Combinator #oussamaammar #anecdote #samaltman
https://www.youtube.com/shorts/65MQxSg6GNw,Le CEO de Binance #oussamaammar #crypto #sanspermission
https://www.youtube.com/shorts/ej0Rr43D2Uk,Salari√© et heureux #oussamaammar #podcast #mentalit√©
https://www.youtube.com/shorts/C4EHKcY4QVc,√ätre solopreneur #oussamaammar #entrepreneur #podcast
https://www.youtube.com/shorts/1UZd5fSTC64,La pers√©v√©rance paye #oussamaammar #r√©ussite #podcast
https://www.youtube.com/shorts/smpgMP3HABE,Destruction du domaine d'Ablon #oussamaammar #anecdote #podcast
https://www.youtube.com/shorts/7U-fx2V-2d8,La s√©rie Home #oussamaammar #podcast #sanspermission
https://www.youtube.com/shorts/MbCTdMv7Us8,Ma ferme √† Dubai #oussamaammar #podcast #sanspermission
https://www.youtube.com/shorts/js2_l5ZZycM,Mon projet dessin anim√© #oussamaammar #sanspermission #podcast
https://www.youtube.com/shorts/Db3HPKopmlE,Les s√©ries #oussamaammar #podcast #sanspermission
https://www.youtube.com/shorts/6jKD0k3e9u4,Une le√ßon Japonaise #oussamaammar #japon #podcast
https://www.youtube.com/shorts/LaaLKOEBpWU,Cha√Æne en anglais #oussamaammar #ia #podcast
https://www.youtube.com/shorts/8p0WiqS8orE,Anecdote sur Jeff Bezos #oussamaammar #anecdote #jeffbezos
https://www.youtube.com/shorts/MhDmSSROpiQ,Dirty Lemon #oussamaammar #business #podcast
https://www.youtube.com/shorts/fI3bn5Dnulg,Conseil entrepreneur #oussamaammar #entrepreneur #business
https://www.youtube.com/shorts/rtYPEcrv-JA,L'histoire folle d'Amazon #oussamaammar #histoire #anecdote
https://www.youtube.com/shorts/k6YvqOHuMH4,Les d√©mocraties ne marchent pas #oussamaammar #podcast #etatdesprit
https://www.youtube.com/shorts/sIXzPZqTcP0,L'ego est un poison ‚ò†Ô∏è #oussamaammar #podcast #sanspermission
https://www.youtube.com/shorts/1jCrCgiv14Y,Le bonheur permanent #oussamaammar #mentalit√© #bonheur
https://www.youtube.com/shorts/xrZLS-iMIQ8,Mon nouveau crush #oussamaammar #anecdote #podcast
https://www.youtube.com/shorts/8pqf9SI08Go,Marre d'√™tre labellis√© #oussamaammar #reseauxsociaux #podcast
https://www.youtube.com/shorts/DC7XWKUjlVM,Mes 2 modes d'apprentissage #oussamaammar #mentalit√© #podcast
https://www.youtube.com/shorts/JHVkeqy462o,Travailler avec Margo #oussamaammar #entrepreneur #r√©ussie
https://www.youtube.com/shorts/x9inGvNUFqc,Mindset de milliardaire #yomidenzel #mindset #millionnaire
https://www.youtube.com/shorts/O8YnH6-1lSM,2 Types de probl√®me #oussamaammar #mindset #r√©ussite
https://www.youtube.com/shorts/Goq79QtjThc,Les commentaires #oussamaammar #reseauxsociaux #mentalit√©
https://www.youtube.com/shorts/6sOpAmKCmVk,Mes √©tudes #oussamaammar #education #entrepreneur
https://www.youtube.com/shorts/qorbwPKcqyw,Pourquoi les mecs font √ßa #oussamaammar #anecdote #podcast
https://www.youtube.com/shorts/ZAQIfdWmISg,Fission vs Fusion Nucl√©aire #oussamaammar #energie #podcast
https://www.youtube.com/shorts/puxAonT2ns0,L'irrationalit√© dans le business #oussamaammar #business #entrepreneur
https://www.youtube.com/shorts/kaAf-mCnJY4,Diff√©rence homme-femme #yomidenzel #mentalit√© #podcast
https://www.youtube.com/shorts/sWr4bKTHx9c,Le risque num√©ro 1 #oussamaammar #business #entrepreneur
https://www.youtube.com/shorts/-8qh68PPw28,Les probl√®mes produit #oussamaammar #business #r√©ussite
https://www.youtube.com/shorts/3IAtw7n4gYY,Mes √©checs de recrutement #oussamaammar #entrepreneur #business
https://www.youtube.com/shorts/QfzH-1i585c,Deal matrimonial #oussamaammar #relations #podcast
https://www.youtube.com/shorts/qxNIMpnU2Ls,Je ne sais pas mentir #oussamaammar #mentalit√© #mindset
https://www.youtube.com/shorts/WlBp0ihv8nI,La premi√®re fois que j'ai vir√© quelqu'un #oussamaammar #business #entrepreneur
https://www.youtube.com/shorts/80TV65K2WWE,Les cr√©dits √©tudiants #oussamaammar #education #podcast
https://www.youtube.com/shorts/kp7VRt9G0Z4,Comment tout retenir #oussamaammar #anecdote #podcast
https://www.youtube.com/shorts/PyNh8cjEZd8,J'adore apprendre #oussamaammar #sanspermission #podcast
https://www.youtube.com/shorts/XRNnb-39EVc,Jeu que j'adore #oussamaammar #anecdote #podcast
https://www.youtube.com/shorts/VnFkx62D8zo,La phobie des appels #oussamaammar #anecdote #entrepreneur
https://www.youtube.com/shorts/ZXAIalmjQiY,Personnalit√© qui m'a marqu√© #oussamaammar #podcast #mentalit√© Extrait tir√© du podcast d'@erwan_allin
https://www.youtube.com/shorts/795GAUctKAw,Le probl√®me de la France üá´üá∑  #oussamaammar #france #podcast Extrait du podcast d'@erwan_allin
https://www.youtube.com/shorts/PG9nsqXj_jM,Les bases de l'argent #oussamaammar #argent #anecdote
https://www.youtube.com/shorts/bnsDYVW5ptg,Elon Musk #oussamaammar #elonmusk #business Extrait tir√© du podcast d'@erwan_allin
https://www.youtube.com/shorts/M6jFGNl43yk,Respect des droits fondamentaux #oussamaammar #mentalit√© #france
https://www.youtube.com/shorts/swDo8F7X4xc,Mon projet dessin anim√© #oussamaammar #dessinanim√© #podcast Extrait tir√© du podcast d'@erwan_allin
https://www.youtube.com/shorts/f4xkODSpZSY,Ne pas lever de fonds #oussamaammar #startup #business Extrait tir√© du podcast d'@erwan_allin
https://www.youtube.com/shorts/-aZYmtdUdJo,Agricool #oussamaammar #startup #business Extrait tir√© du podcast d'@erwan_allin
https://www.youtube.com/shorts/65fvMdD4QLQ,Duba√Ø #oussamaammar #anecdote #dubai Extrait tir√© du podcast d'@erwan_allin
https://www.youtube.com/shorts/7efdGpKIN-4,Mon week-end #oussamaammar #r√©cup #podcast
https://www.youtube.com/shorts/6YkABj4YgYQ,Prendre l'avion #oussamaammar #mentalit√© #√©cologie Extrait tir√© du podcast d'@erwan_allin
https://www.youtube.com/shorts/7tV3iJFiGjk,La lev√©e de fond #oussamaammar #business #argent Extrait tir√© du podcast d'@erwan_allin
https://www.youtube.com/shorts/Ef_11zNvKcg,Cr√©ation d'opinions #oussamaammar #mentalit√© #entrepreneur Extrait tir√© du podcast d'@erwan_allin
https://www.youtube.com/shorts/Ow8SUY5t1YA,Le branding #oussamaammar #entrepreneur #business
https://www.youtube.com/shorts/pUVF464VZ8U,La personnalit√© de Yomi #oussamaammar #yomidenzel #podcast
https://www.youtube.com/shorts/bpQV9VIOjQ8,Les incitations #oussamaammar #mentalit√© #reseauxsociaux
https://www.youtube.com/shorts/jD6laqrg1iM,Steve Jobs #oussamaammar #stevejobs #podcast
https://www.youtube.com/shorts/jwdvLZN_R2s,La philosophie #oussamaammar #podcast #sanspermission
https://www.youtube.com/shorts/eHZPyw_mW7I,Ce projet 100% secret #oussamaammar #projet #IA
https://www.youtube.com/shorts/3mzpPCVCczc,Le monde de la cr√©ation  #oussamaammar #netflix #podcast
https://www.youtube.com/shorts/D881Jq1cKFA,La singularit√© #oussamaammar #mentalit√© #podcast
https://www.youtube.com/shorts/7JITzY0Tgeo,L'IA dans le cin√©ma #oussamaammar #cin√©ma #podcast
https://www.youtube.com/shorts/D8_yYhRN5z8,Ce m√©tier que j'aimerais cr√©er  #oussamaammar #m√©tier #business
https://www.youtube.com/shorts/WNwAkShucUo,Mes rendez-vous tous les lundis #oussamaammar #call #entrepreneur
https://www.youtube.com/shorts/vQPBx3OvnxM,Le test MBTI #oussamaammar #test #mbti
https://www.youtube.com/shorts/K7LsgRGP4zM,J'ai cr√©e une √©cole pour les salari√©s de startup #oussamaammar #√©cole #entrepreneur
https://www.youtube.com/shorts/baEvEQ2fXJA,Le m√©rite met des ann√©es √† venir #oussamaammar #m√©rite #podcast
https://www.youtube.com/shorts/Fb1GNfu1TT8,Cette forme d'int√©grit√© #oussamaammar #france #podcast
https://www.youtube.com/shorts/Mj3uugPjWOc,Voyager seul au Japon #oussamaammar #japon #voyage #soci√©t√©
https://www.youtube.com/shorts/xgO8dCb6aI4,J'ai fait un programme d√©tox de 21 jours #oussamaammar #d√©tox #sant√©
https://www.youtube.com/shorts/5qF0jYR34-M,Je ne respirais plus #oussamaammar #sant√© #clinique
https://www.youtube.com/shorts/6_euffjFVYg,Les normes agriculteurs #oussamaammar #normes #agriculteurs
https://www.youtube.com/shorts/YGrZumgnNVQ,Cette nouvelle loi #oussamaammar #r√®gles #soci√©t√©
https://www.youtube.com/shorts/weffJt_t7G8,La logique des d√©mocrates #oussamaammar #pays #fronti√®res
https://www.youtube.com/shorts/Wk3uqu6oL84,Un truc qui m'√©nerve #yomidenzel #mentalit√© #podcast
https://www.youtube.com/shorts/ogEjfO6_TRc,Anecdote incroyable #oussamaammar #anecdote #podcast
https://www.youtube.com/shorts/OB_uCdBRQ1Q,La boite la plus dingue que j'a pu voir #oussamaammar #entreprise #startup
https://www.youtube.com/shorts/U92tk-ifXiI,Cette histoire folle #oussamaammar #drogue #story
https://www.youtube.com/shorts/jhnQXKZXcGE,Mon pouvoir magique #oussamaammar #apprentissage #podcast
https://www.youtube.com/shorts/-OUXbgus1Jk,Mon ex m'a offert une rolex #oussamaammar #rolex #podcast
https://www.youtube.com/shorts/U8i_FxuTM9E,Une de mes th√©ories #oussamaammar #th√©orie #podcast
https://www.youtube.com/shorts/4dryLRPF1oI,"La technologie, bonne ou mauvaise pour le monde ? #oussamaammar #technologie #podcast #univers"
https://www.youtube.com/shorts/9qk02YrryZQ,La banque la plus ancienne encore en activit√© #oussamaammar #banque #podcast
https://www.youtube.com/shorts/GqSexN2fcLM,La devise de l'union europ√©enne #oussamaammar #UE #podcast
https://www.youtube.com/shorts/mKTPrjaaHnM,Le hack #oussamaammar #hack #podcast
https://www.youtube.com/shorts/Z0VOlOVywCI,Ma nouvelle r√©solution #oussamaammar #r√©solution #podcast
https://www.youtube.com/shorts/cF0pVy1nDy8,Le livre le plus vendu #oussamaammar #podcast #livre
https://www.youtube.com/shorts/d9I-BjbTb0I,Je suis double ADN ? #oussamaammar #g√©n√©tique #sigma
https://www.youtube.com/shorts/7Sf7WtQnOOE,Amour ou argent ? #oussamaammar #amour #argent #podcast
https://www.youtube.com/shorts/mdm7NvAOcSo,Cette sc√®ne dans qui veut gagner des millions #oussamaammar #millionaire #jeux
https://www.youtube.com/shorts/W26VNd78Kv8,La langue la plus parl√©e #oussamaammar #podcast
https://www.youtube.com/shorts/7lX-E3ybY1I,"""Alunissage rat√© pour Oussama"" #oussamaammar #m√©dia #podcast"
https://www.youtube.com/shorts/-oGUAfaNZao,On parle religion #oussamaammar #religion #podcast
https://www.youtube.com/shorts/ufEPCbwwU04,On parle enfants #oussamaammar #enfants #famille
https://www.youtube.com/shorts/cjnqVutxFww,Argent et religion #oussamaammar #argent #religion
https://www.youtube.com/shorts/2D4rS4uq5nQ,J'ai √©lev√© un de mes neveux #oussamaammar #storytelling #famille
https://www.youtube.com/shorts/MmaKTCbVAkY,Enfants et responsabilit√©s #oussamaammar #enfant #argent
https://www.youtube.com/shorts/cGFD-FpYvFc,La strat√©gie des magasins physiques √† Dubai #oussamaammar #montres #dubai
https://www.youtube.com/shorts/3xLD-53cHuI,"La robotique, surcot√© ou sous-cot√©? #oussamaammar #ia #podcast"
https://www.youtube.com/shorts/j_x3a_UTDO4,Moralit√© : ne jamais tromper sa femme #oussamaammar #amour #tromperie #podcast
https://www.youtube.com/shorts/Y50fY_WZbtM,Les avantages et les inconv√©nients de la notori√©t√© #oussamaammar #notori√©t√© #podcast
https://www.youtube.com/shorts/4D84gv7qfYw,Dire non √† ses enfants #oussamaammar #podcast #famille
https://www.youtube.com/shorts/9gGu1U5ueXQ,Ce que je pr√©dis pour le Bitcoin #oussamaammar #cryptomonnaie #argent
https://www.youtube.com/shorts/5awBbdepIMY,Le jugement sur les autres #oussamaammar #jugement #critique
https://www.youtube.com/shorts/m2F-_XD-HyQ,Combien de fois je suis devenu millionaire #oussamammar #millionaire #investissement
https://www.youtube.com/shorts/kTgwgmpoE2s,Nous n'avons pas qu'une √¢me soeur #oussamaammar #amour #mentalit√©
https://www.youtube.com/shorts/exTyUcvVvio,Les gens qui ont trop d'id√©es #oussamaammar #einstein #id√©es
https://www.youtube.com/shorts/vPvYWNCpwDU,Le monde apr√®s la seconde guerre mondiale #oussamaammar #guerre #monde
https://www.youtube.com/shorts/ZSJBFVpPtXQ,La prime de Netflix #oussamaammar #netflix #pitch
https://www.youtube.com/shorts/Q4xburGNHNE,Cette histoire des 8 fermiers en Chine #oussamaammar #storytelling #podcast
https://www.youtube.com/shorts/XmsaLBM0FKI,Ce mauvais call #oussamaammar #podcast #call
https://www.youtube.com/shorts/kNRqz33HwPg,On parle de better call Ouss #oussamaammar #podcast #mentalit√©
https://www.youtube.com/shorts/L8vs0vX1sso,Ce sujet sur l'agriculture #oussamaammar #agriculture #podcast
https://www.youtube.com/shorts/_I5CugFYBUM,Ces diff√©rents tests #oussamaammar #tests #podcast
https://www.youtube.com/shorts/upz2jxxy04w,Les conflits d'int√©r√™t  #oussamaammar #etatdesprit #podcast
https://www.youtube.com/shorts/1cmtBlaBNG8,Ce call tr√®s dr√¥le #oussamaammar #appel #podcast
https://www.youtube.com/shorts/VOmN5iCcyjI,On parle p√©dophilie #oussamaammar #p√©dophilie #podcast
https://www.youtube.com/shorts/myL8yc3jLus,Avoir une routine #yomidenzel #oussamaammar #routine #entreprise
https://www.youtube.com/shorts/r6X87TC9Ifc,Cette r√©ponse en Russie #oussamaammar #russie #anecdote
https://www.youtube.com/shorts/K50fQaPVvtc,Les lois en France #oussamaammar #france #politique
https://www.youtube.com/shorts/NF9xZnMrRfg,Les grands patrons fran√ßais #oussamaammar #entreprise #etat
https://www.youtube.com/shorts/uG0Y2FHg9wo,Les r√®gles en soci√©t√© #oussamaammar #r√®gles #pays
https://www.youtube.com/shorts/bvAX5gJeksc,Cette clinique hors du commun #oussamaammar #vid√©o #podcast
https://www.youtube.com/shorts/2WLFc4AX7Ek,Cette vid√©o incroyable #oussamaammar #vid√©o #podcast
https://www.youtube.com/shorts/EYYDicNZ0sA,On parle de Trump et des USA #oussamaammar #USA #politique
https://www.youtube.com/shorts/puF1iTRNoNA,Tromper sa femme est-ce un d√©lit? #oussamaammar #relationhommefemme #d√©lit
https://www.youtube.com/shorts/U5NFbrqBPdk,Le culte de la performance #oussamaammar #performance #r√©ussite
https://www.youtube.com/shorts/-AwIVUUzcAY,Le r√©el et le besoin #oussamaammar #podcast #devperso
https://www.youtube.com/shorts/tmGXF4o_TPE,La croyance en quelque chose #oussamaammar #croyance #conseil
https://www.youtube.com/shorts/W-WNc52rTvw,Les passionn√©s de montres #oussamaammar #montres #podcast
https://www.youtube.com/shorts/tUeuuEQw2oA,Les diff√©rentes drogues #oussamaammar #podcast #drogue
https://www.youtube.com/shorts/lcs5wvtkiR8,La weed en France #oussamaammar #drogue #france
https://www.youtube.com/shorts/MlCkInyw0q4,Bill Gates #oussamaammar #epstein #podcast
https://www.youtube.com/shorts/kZ2HAv4BYrk,Se contenter de peu #oussamaammar #podcast #mentalit√©
https://www.youtube.com/shorts/_Kh8gw7haOo,Le plus long fleuve d'Europe #oussamaammar #cultureg√©n√©rale #podcast
https://www.youtube.com/shorts/BBqWSk3ShDs,On parle de Jeffrey Epstein #oussamaammar #jeffreyepstein #podcast
https://www.youtube.com/shorts/Uj_v3qoajTc,Sortir ou rester √† la maison? #oussamaammar #tupreferes #podcast
https://www.youtube.com/shorts/7Qv5r3qV9LM,Le fl√©au US #oussamaammar #USA #podcast
https://www.youtube.com/shorts/zIq2ZVp_tGQ,"Barbie, un mod√®le ? #oussamaammar #mod√®le #podcast"
https://www.youtube.com/shorts/i137cLhGjn4,Oussama est √©puis√© intellectuellement #oussamaammar #mental #challenge
https://www.youtube.com/shorts/d6wYGxP1jeE,La culture du date #oussamaamar #usa #culture
https://www.youtube.com/shorts/mLiGkeeP90g,Il est important de s'excuser #oussamaammar #podcast #c√©r√©monie
https://www.youtube.com/shorts/BX1RcFfv0jo,L'amour et l'argent #oussamaammar #amour #argent
https://www.youtube.com/shorts/5k2k91DkGmY,Le temps c'est de l'argent #oussamaammar #argent #r√©ussite
https://www.youtube.com/shorts/ODx2vKZ_1Kk,Jeff Bezos et ses enfants #oussamaammar #podcast #jeffbezos
https://www.youtube.com/shorts/xfd5yoChYmQ,L'√©ducation des enfants #oussamaammar #√©ducation #podcast
https://www.youtube.com/shorts/CzEz8mWoasU,L'ia peut faire peur #oussamaammar #ia #podcast
https://www.youtube.com/shorts/I5vOXFQYJPo,L'√©cole la plus ch√®re de Duba√Ø #oussamaammar #thibaultgarcia #argent #duba√Ø
https://www.youtube.com/shorts/TnT4q9dE1g8,Le gars qui a fait fuiter le nouveau trailer GTA #oussamaammar #gta #storytelling
https://www.youtube.com/shorts/kEoJjuHm1HM,"Macron, surcot√© ou sous-cot√© ? #oussamaammar #politique #mentalit√©"
https://www.youtube.com/shorts/kckd1lCFD6s,Les gens dou√©s #oussamaammar #podcast #thibaultgarcia
https://www.youtube.com/shorts/Lgwu_sERfn4,Le concept de Mr Beast #oussamaammar #youtube #podcast
https://www.youtube.com/shorts/YCz-W-UDmL8,Les meilleurs hackers au monde #oussamaammar #dashlane #hacker
https://www.youtube.com/shorts/imFemq2i1xA,Le plus beau moment de sc√®ne d'Oussama #oussamaammar #fourire #podcast
